family,instrument_folder,instrument_name,rank,preset_name,source_type,source_relpath,imported_xml_relpath,selection_score,quality_status,flags,peak_dbfs,rms_dbfs,crest_db,duration_sec,root_tag,slot_count,pad_index,tags
guitar,folk_steel,Folk Steel,1,Folk Steel 01 Freewavesamples Guitar C3 042,audio_captions,output/guitar/text/guitar_training_corpus.json#68,folk_steel/01_freewavesamples_guitar_c3_042.xml,94.000,pass,normalized_duplicate_root_attrs,,,,,GuitarPreset,8,,"guitar,audio_analysis,folk_steel,curated8"
guitar,folk_steel,Folk Steel,2,Folk Steel 02 Freewavesamples Guitar C3 056,audio_captions,output/guitar/text/guitar_training_corpus.json#72,folk_steel/02_freewavesamples_guitar_c3_056.xml,94.000,pass,normalized_duplicate_root_attrs,,,,,GuitarPreset,8,,"guitar,audio_analysis,folk_steel,curated8"
guitar,folk_steel,Folk Steel,3,Folk Steel 03 Freewavesamples Guitar C3 068,audio_captions,output/guitar/text/guitar_training_corpus.json#75,folk_steel/03_freewavesamples_guitar_c3_068.xml,94.000,pass,normalized_duplicate_root_attrs,,,,,GuitarPreset,8,,"guitar,audio_analysis,folk_steel,curated8"
guitar,folk_steel,Folk Steel,4,Folk Steel 04 Freewavesamples Guitar C3 087,audio_captions,output/guitar/text/guitar_training_corpus.json#79,folk_steel/04_freewavesamples_guitar_c3_087.xml,94.000,pass,normalized_duplicate_root_attrs,,,,,GuitarPreset,8,,"guitar,audio_analysis,folk_steel,curated8"
guitar,folk_steel,Folk Steel,5,Folk Steel 05 Bright,corpus_descriptions,output/guitar/text/guitar_training_corpus.json#0,folk_steel/05_bright.xml,91.000,pass,normalized_duplicate_root_attrs,,,,,GuitarPreset,8,,"guitar,generated,bright,folk,folk_steel,curated8"
guitar,folk_steel,Folk Steel,6,Folk Steel 06 User Request,user_requests,output/guitar/text/guitar_training_corpus.json#36,folk_steel/06_user_request.xml,89.000,pass,normalized_duplicate_root_attrs,,,,,GuitarPreset,8,,"guitar,user_request,folk_steel,curated8"
guitar,folk_steel,Folk Steel,7,Folk Steel 07 User Request,user_requests,output/guitar/text/guitar_training_corpus.json#37,folk_steel/07_user_request.xml,89.000,pass,normalized_duplicate_root_attrs,,,,,GuitarPreset,8,,"guitar,user_request,folk_steel,curated8"
guitar,folk_steel,Folk Steel,8,Folk Steel 08 Freewavesamples Guitar C3 090,audio_captions,output/guitar/text/guitar_training_corpus.json#81,folk_steel/08_freewavesamples_guitar_c3_090.xml,94.000,pass,normalized_duplicate_root_attrs,,,,,GuitarPreset,8,,"guitar,audio_analysis,folk_steel,curated8"
guitar,12_cordes,12 Cordes,1,12 Cordes 01 Freewavesamples Guitar C3 048,audio_captions,output/guitar/text/guitar_training_corpus.json#71,12_cordes/01_freewavesamples_guitar_c3_048.xml,94.000,pass,normalized_duplicate_root_attrs,,,,,GuitarPreset,8,,"guitar,audio_analysis,12_cordes,curated8"
guitar,12_cordes,12 Cordes,2,12 Cordes 02 Freewavesamples Guitar C4 078,audio_captions,output/guitar/text/guitar_training_corpus.json#124,12_cordes/02_freewavesamples_guitar_c4_078.xml,94.000,pass,normalized_duplicate_root_attrs,,,,,GuitarPreset,8,,"guitar,audio_analysis,12_cordes,curated8"
guitar,12_cordes,12 Cordes,3,12 Cordes 03 Freewavesamples Guitar C5 094,audio_captions,output/guitar/text/guitar_training_corpus.json#141,12_cordes/03_freewavesamples_guitar_c5_094.xml,94.000,pass,normalized_duplicate_root_attrs,,,,,GuitarPreset,8,,"guitar,audio_analysis,12_cordes,curated8"
guitar,12_cordes,12 Cordes,4,12 Cordes 04 Aggressive,corpus_descriptions,output/guitar/text/guitar_training_corpus.json#7,12_cordes/04_aggressive.xml,91.000,pass,normalized_duplicate_root_attrs,,,,,GuitarPreset,8,,"guitar,generated,aggressive,rock,12_cordes,curated8"
guitar,12_cordes,12 Cordes,5,12 Cordes 05 User Request,user_requests,output/guitar/text/guitar_training_corpus.json#38,12_cordes/05_user_request.xml,89.000,pass,normalized_duplicate_root_attrs,,,,,GuitarPreset,8,,"guitar,user_request,12_cordes,curated8"
guitar,12_cordes,12 Cordes,6,12 Cordes 06 User Request,user_requests,output/guitar/text/guitar_training_corpus.json#39,12_cordes/06_user_request.xml,89.000,pass,normalized_duplicate_root_attrs,,,,,GuitarPreset,8,,"guitar,user_request,12_cordes,curated8"
guitar,12_cordes,12 Cordes,7,12 Cordes 07 User Request,user_requests,output/guitar/text/guitar_training_corpus.json#61,12_cordes/07_user_request.xml,89.000,pass,normalized_duplicate_root_attrs,,,,,GuitarPreset,8,,"guitar,user_request,12_cordes,curated8"
guitar,12_cordes,12 Cordes,8,12 Cordes 08 Bright,corpus_descriptions,output/guitar/text/guitar_training_corpus.json#5,12_cordes/08_bright.xml,91.000,pass,normalized_duplicate_root_attrs,,,,,GuitarPreset,8,,"guitar,generated,bright,folk,12_cordes,curated8"
guitar,flamenca,Flamenca,1,Flamenca 01 Freewavesamples Guitar C3 088,audio_captions,output/guitar/text/guitar_training_corpus.json#80,flamenca/01_freewavesamples_guitar_c3_088.xml,94.000,pass,normalized_duplicate_root_attrs,,,,,GuitarPreset,8,,"guitar,audio_analysis,flamenca,curated8"
guitar,flamenca,Flamenca,2,Flamenca 02 Freewavesamples Guitar C3 091,audio_captions,output/guitar/text/guitar_training_corpus.json#82,flamenca/02_freewavesamples_guitar_c3_091.xml,94.000,pass,normalized_duplicate_root_attrs,,,,,GuitarPreset,8,,"guitar,audio_analysis,flamenca,curated8"
guitar,flamenca,Flamenca,3,Flamenca 03 Freewavesamples Guitar C4 002,audio_captions,output/guitar/text/guitar_training_corpus.json#95,flamenca/03_freewavesamples_guitar_c4_002.xml,94.000,pass,normalized_duplicate_root_attrs,,,,,GuitarPreset,8,,"guitar,audio_analysis,flamenca,curated8"
guitar,flamenca,Flamenca,4,Flamenca 04 Freewavesamples Guitar C4 030,audio_captions,output/guitar/text/guitar_training_corpus.json#111,flamenca/04_freewavesamples_guitar_c4_030.xml,94.000,pass,normalized_duplicate_root_attrs,,,,,GuitarPreset,8,,"guitar,audio_analysis,flamenca,curated8"
guitar,flamenca,Flamenca,5,Flamenca 05 Bright,corpus_descriptions,output/guitar/text/guitar_training_corpus.json#9,flamenca/05_bright.xml,91.000,pass,normalized_duplicate_root_attrs,,,,,GuitarPreset,8,,"guitar,generated,bright,flamenco,flamenca,curated8"
guitar,flamenca,Flamenca,6,Flamenca 06 User Request,user_requests,output/guitar/text/guitar_training_corpus.json#40,flamenca/06_user_request.xml,89.000,pass,normalized_duplicate_root_attrs,,,,,GuitarPreset,8,,"guitar,user_request,flamenca,curated8"
guitar,flamenca,Flamenca,7,Flamenca 07 User Request,user_requests,output/guitar/text/guitar_training_corpus.json#41,flamenca/07_user_request.xml,89.000,pass,normalized_duplicate_root_attrs,,,,,GuitarPreset,8,,"guitar,user_request,flamenca,curated8"
guitar,flamenca,Flamenca,8,Flamenca 08 User Request,user_requests,output/guitar/text/guitar_training_corpus.json#42,flamenca/08_user_request.xml,89.000,pass,normalized_duplicate_root_attrs,,,,,GuitarPreset,8,,"guitar,user_request,flamenca,curated8"
guitar,clean,Clean,1,Clean 01 Freewavesamples Guitar C3 040,audio_captions,output/guitar/text/guitar_training_corpus.json#67,clean/01_freewavesamples_guitar_c3_040.xml,94.000,pass,normalized_duplicate_root_attrs,,,,,GuitarPreset,8,,"guitar,audio_analysis,clean,curated8"
guitar,clean,Clean,2,Clean 02 Freewavesamples Guitar C3 044,audio_captions,output/guitar/text/guitar_training_corpus.json#69,clean/02_freewavesamples_guitar_c3_044.xml,94.000,pass,normalized_duplicate_root_attrs,,,,,GuitarPreset,8,,"guitar,audio_analysis,clean,curated8"
guitar,clean,Clean,3,Clean 03 Freewavesamples Guitar C3 046,audio_captions,output/guitar/text/guitar_training_corpus.json#70,clean/03_freewavesamples_guitar_c3_046.xml,94.000,pass,normalized_duplicate_root_attrs,,,,,GuitarPreset,8,,"guitar,audio_analysis,clean,curated8"
guitar,clean,Clean,4,Clean 04 Freewavesamples Guitar C3 058,audio_captions,output/guitar/text/guitar_training_corpus.json#73,clean/04_freewavesamples_guitar_c3_058.xml,94.000,pass,normalized_duplicate_root_attrs,,,,,GuitarPreset,8,,"guitar,audio_analysis,clean,curated8"
guitar,clean,Clean,5,Clean 05 Bright,corpus_descriptions,output/guitar/text/guitar_training_corpus.json#12,clean/05_bright.xml,91.000,pass,normalized_duplicate_root_attrs,,,,,GuitarPreset,8,,"guitar,generated,bright,jazz,clean,curated8"
guitar,clean,Clean,6,Clean 06 User Request,user_requests,output/guitar/text/guitar_training_corpus.json#43,clean/06_user_request.xml,89.000,pass,normalized_duplicate_root_attrs,,,,,GuitarPreset,8,,"guitar,user_request,clean,curated8"
guitar,clean,Clean,7,Clean 07 User Request,user_requests,output/guitar/text/guitar_training_corpus.json#44,clean/07_user_request.xml,89.000,pass,normalized_duplicate_root_attrs,,,,,GuitarPreset,8,,"guitar,user_request,clean,curated8"
guitar,clean,Clean,8,Clean 08 User Request,user_requests,output/guitar/text/guitar_training_corpus.json#45,clean/08_user_request.xml,89.000,pass,normalized_duplicate_root_attrs,,,,,GuitarPreset,8,,"guitar,user_request,clean,curated8"
guitar,crunch,Crunch,1,Crunch 01 Freewavesamples Guitar C4 062,audio_captions,output/guitar/text/guitar_training_corpus.json#118,crunch/01_freewavesamples_guitar_c4_062.xml,94.000,pass,normalized_duplicate_root_attrs,,,,,GuitarPreset,8,,"guitar,audio_analysis,crunch,curated8"
guitar,crunch,Crunch,2,Crunch 02 Synthetic Crunch Hard 1,audio_captions,output/guitar/text/guitar_training_corpus.json#147,crunch/02_synthetic_crunch_hard_1.xml,94.000,pass,normalized_duplicate_root_attrs,,,,,GuitarPreset,8,,"guitar,audio_analysis,crunch,curated8"
guitar,crunch,Crunch,3,Crunch 03 Synthetic Crunch Hard 2,audio_captions,output/guitar/text/guitar_training_corpus.json#149,crunch/03_synthetic_crunch_hard_2.xml,94.000,pass,normalized_duplicate_root_attrs,,,,,GuitarPreset,8,,"guitar,audio_analysis,crunch,curated8"
guitar,crunch,Crunch,4,Crunch 04 Synthetic Crunch Hard 3,audio_captions,output/guitar/text/guitar_training_corpus.json#151,crunch/04_synthetic_crunch_hard_3.xml,94.000,pass,normalized_duplicate_root_attrs,,,,,GuitarPreset,8,,"guitar,audio_analysis,crunch,curated8"
guitar,crunch,Crunch,5,Crunch 05 Aggressive,corpus_descriptions,output/guitar/text/guitar_training_corpus.json#17,crunch/05_aggressive.xml,91.000,pass,normalized_duplicate_root_attrs,,,,,GuitarPreset,8,,"guitar,generated,aggressive,rock,crunch,curated8"
guitar,crunch,Crunch,6,Crunch 06 User Request,user_requests,output/guitar/text/guitar_training_corpus.json#46,crunch/06_user_request.xml,89.000,pass,normalized_duplicate_root_attrs,,,,,GuitarPreset,8,,"guitar,user_request,crunch,curated8"
guitar,crunch,Crunch,7,Crunch 07 User Request,user_requests,output/guitar/text/guitar_training_corpus.json#47,crunch/07_user_request.xml,89.000,pass,normalized_duplicate_root_attrs,,,,,GuitarPreset,8,,"guitar,user_request,crunch,curated8"
guitar,crunch,Crunch,8,Crunch 08 User Request,user_requests,output/guitar/text/guitar_training_corpus.json#48,crunch/08_user_request.xml,89.000,pass,normalized_duplicate_root_attrs,,,,,GuitarPreset,8,,"guitar,user_request,crunch,curated8"
guitar,lead,Lead,1,Lead 01 Freewavesamples Guitar C2 081,audio_captions,output/guitar/text/guitar_training_corpus.json#66,lead/01_freewavesamples_guitar_c2_081.xml,94.000,pass,normalized_duplicate_root_attrs,,,,,GuitarPreset,8,,"guitar,audio_analysis,lead,curated8"
guitar,lead,Lead,2,Lead 02 Freewavesamples Guitar C3 093,audio_captions,output/guitar/text/guitar_training_corpus.json#83,lead/02_freewavesamples_guitar_c3_093.xml,94.000,pass,normalized_duplicate_root_attrs,,,,,GuitarPreset,8,,"guitar,audio_analysis,lead,curated8"
guitar,lead,Lead,3,Lead 03 Freewavesamples Guitar C3 100,audio_captions,output/guitar/text/guitar_training_corpus.json#85,lead/03_freewavesamples_guitar_c3_100.xml,94.000,pass,normalized_duplicate_root_attrs,,,,,GuitarPreset,8,,"guitar,audio_analysis,lead,curated8"
guitar,lead,Lead,4,Lead 04 Freewavesamples Guitar C3 112,audio_captions,output/guitar/text/guitar_training_corpus.json#90,lead/04_freewavesamples_guitar_c3_112.xml,94.000,pass,normalized_duplicate_root_attrs,,,,,GuitarPreset,8,,"guitar,audio_analysis,lead,curated8"
guitar,lead,Lead,5,Lead 05 Aggressive,corpus_descriptions,output/guitar/text/guitar_training_corpus.json#20,lead/05_aggressive.xml,91.000,pass,normalized_duplicate_root_attrs,,,,,GuitarPreset,8,,"guitar,generated,aggressive,rock,lead,curated8"
guitar,lead,Lead,6,Lead 06 User Request,user_requests,output/guitar/text/guitar_training_corpus.json#49,lead/06_user_request.xml,89.000,pass,normalized_duplicate_root_attrs,,,,,GuitarPreset,8,,"guitar,user_request,lead,curated8"
guitar,lead,Lead,7,Lead 07 User Request,user_requests,output/guitar/text/guitar_training_corpus.json#50,lead/07_user_request.xml,89.000,pass,normalized_duplicate_root_attrs,,,,,GuitarPreset,8,,"guitar,user_request,lead,curated8"
guitar,lead,Lead,8,Lead 08 User Request,user_requests,output/guitar/text/guitar_training_corpus.json#51,lead/08_user_request.xml,89.000,pass,normalized_duplicate_root_attrs,,,,,GuitarPreset,8,,"guitar,user_request,lead,curated8"
guitar,synth_guitar,Synth Guitar,1,Synth Guitar 01 Freewavesamples Guitar C4 029,audio_captions,output/guitar/text/guitar_training_corpus.json#110,synth_guitar/01_freewavesamples_guitar_c4_029.xml,94.000,pass,normalized_duplicate_root_attrs,,,,,GuitarPreset,8,,"guitar,audio_analysis,synth_guitar,curated8"
guitar,synth_guitar,Synth Guitar,2,Synth Guitar 02 Freewavesamples Guitar C4 115,audio_captions,output/guitar/text/guitar_training_corpus.json#132,synth_guitar/02_freewavesamples_guitar_c4_115.xml,94.000,pass,normalized_duplicate_root_attrs,,,,,GuitarPreset,8,,"guitar,audio_analysis,synth_guitar,curated8"
guitar,synth_guitar,Synth Guitar,3,Synth Guitar 03 Freewavesamples Guitar C5 143,audio_captions,output/guitar/text/guitar_training_corpus.json#142,synth_guitar/03_freewavesamples_guitar_c5_143.xml,94.000,pass,normalized_duplicate_root_attrs,,,,,GuitarPreset,8,,"guitar,audio_analysis,synth_guitar,curated8"
guitar,synth_guitar,Synth Guitar,4,Synth Guitar 04 Bright,corpus_descriptions,output/guitar/text/guitar_training_corpus.json#25,synth_guitar/04_bright.xml,91.000,pass,normalized_duplicate_root_attrs,,,,,GuitarPreset,8,,"guitar,generated,bright,pop,synth_guitar,curated8"
guitar,synth_guitar,Synth Guitar,5,Synth Guitar 05 User Request,user_requests,output/guitar/text/guitar_training_corpus.json#52,synth_guitar/05_user_request.xml,89.000,pass,normalized_duplicate_root_attrs,,,,,GuitarPreset,8,,"guitar,user_request,synth_guitar,curated8"
guitar,synth_guitar,Synth Guitar,6,Synth Guitar 06 User Request,user_requests,output/guitar/text/guitar_training_corpus.json#53,synth_guitar/06_user_request.xml,89.000,pass,normalized_duplicate_root_attrs,,,,,GuitarPreset,8,,"guitar,user_request,synth_guitar,curated8"
guitar,synth_guitar,Synth Guitar,7,Synth Guitar 07 User Request,user_requests,output/guitar/text/guitar_training_corpus.json#54,synth_guitar/07_user_request.xml,89.000,pass,normalized_duplicate_root_attrs,,,,,GuitarPreset,8,,"guitar,user_request,synth_guitar,curated8"
guitar,synth_guitar,Synth Guitar,8,Synth Guitar 08 User Request,user_requests,output/guitar/text/guitar_training_corpus.json#64,synth_guitar/08_user_request.xml,89.000,pass,normalized_duplicate_root_attrs,,,,,GuitarPreset,8,,"guitar,user_request,synth_guitar,curated8"
guitar,e_guitar_pad,E-Guitar Pad,1,E-Guitar Pad 01 Bright,corpus_descriptions,output/guitar/text/guitar_training_corpus.json#30,e_guitar_pad/01_bright.xml,91.000,pass,normalized_duplicate_root_attrs,,,,,GuitarPreset,8,,"guitar,generated,bright,ambient,e_guitar_pad,curated8"
guitar,e_guitar_pad,E-Guitar Pad,2,E-Guitar Pad 02 User Request,user_requests,output/guitar/text/guitar_training_corpus.json#55,e_guitar_pad/02_user_request.xml,89.000,pass,normalized_duplicate_root_attrs,,,,,GuitarPreset,8,,"guitar,user_request,e-guitar_pad,curated8"
guitar,e_guitar_pad,E-Guitar Pad,3,E-Guitar Pad 03 User Request,user_requests,output/guitar/text/guitar_training_corpus.json#56,e_guitar_pad/03_user_request.xml,89.000,pass,normalized_duplicate_root_attrs,,,,,GuitarPreset,8,,"guitar,user_request,e-guitar_pad,curated8"
guitar,e_guitar_pad,E-Guitar Pad,4,E-Guitar Pad 04 User Request,user_requests,output/guitar/text/guitar_training_corpus.json#57,e_guitar_pad/04_user_request.xml,89.000,pass,normalized_duplicate_root_attrs,,,,,GuitarPreset,8,,"guitar,user_request,e-guitar_pad,curated8"
guitar,e_guitar_pad,E-Guitar Pad,5,E-Guitar Pad 05 User Request,user_requests,output/guitar/text/guitar_training_corpus.json#65,e_guitar_pad/05_user_request.xml,89.000,pass,normalized_duplicate_root_attrs,,,,,GuitarPreset,8,,"guitar,user_request,e-guitar_pad,curated8"
guitar,e_guitar_pad,E-Guitar Pad,6,E-Guitar Pad 06 Dark,corpus_descriptions,output/guitar/text/guitar_training_corpus.json#31,e_guitar_pad/06_dark.xml,91.000,pass,normalized_duplicate_root_attrs,,,,,GuitarPreset,8,,"guitar,generated,dark,ambient,e_guitar_pad,curated8"
guitar,e_guitar_pad,E-Guitar Pad,7,E-Guitar Pad 07 Ethereal,corpus_descriptions,output/guitar/text/guitar_training_corpus.json#28,e_guitar_pad/07_ethereal.xml,91.000,pass,normalized_duplicate_root_attrs,,,,,GuitarPreset,8,,"guitar,generated,ethereal,ambient,e_guitar_pad,curated8"
guitar,e_guitar_pad,E-Guitar Pad,8,E-Guitar Pad 08 Warm,corpus_descriptions,output/guitar/text/guitar_training_corpus.json#29,e_guitar_pad/08_warm.xml,91.000,pass,normalized_duplicate_root_attrs,,,,,GuitarPreset,8,,"guitar,generated,warm,cinematic,e_guitar_pad,curated8"
guitar,guitar_ambient,Guitar Ambient,1,Guitar Ambient 01 Synthetic Ambient 1,audio_captions,output/guitar/text/guitar_training_corpus.json#156,guitar_ambient/01_synthetic_ambient_1.xml,94.000,pass,normalized_duplicate_root_attrs,,,,,GuitarPreset,8,,"guitar,audio_analysis,guitar_ambient,curated8"
guitar,guitar_ambient,Guitar Ambient,2,Guitar Ambient 02 Synthetic Ambient 2,audio_captions,output/guitar/text/guitar_training_corpus.json#157,guitar_ambient/02_synthetic_ambient_2.xml,94.000,pass,normalized_duplicate_root_attrs,,,,,GuitarPreset,8,,"guitar,audio_analysis,guitar_ambient,curated8"
guitar,guitar_ambient,Guitar Ambient,3,Guitar Ambient 03 Synthetic Ambient 3,audio_captions,output/guitar/text/guitar_training_corpus.json#158,guitar_ambient/03_synthetic_ambient_3.xml,94.000,pass,normalized_duplicate_root_attrs,,,,,GuitarPreset,8,,"guitar,audio_analysis,guitar_ambient,curated8"
guitar,guitar_ambient,Guitar Ambient,4,Guitar Ambient 04 Synthetic Ambient 4,audio_captions,output/guitar/text/guitar_training_corpus.json#159,guitar_ambient/04_synthetic_ambient_4.xml,94.000,pass,normalized_duplicate_root_attrs,,,,,GuitarPreset,8,,"guitar,audio_analysis,guitar_ambient,curated8"
guitar,guitar_ambient,Guitar Ambient,5,Guitar Ambient 05 Bright,corpus_descriptions,output/guitar/text/guitar_training_corpus.json#35,guitar_ambient/05_bright.xml,91.000,pass,normalized_duplicate_root_attrs,,,,,GuitarPreset,8,,"guitar,generated,bright,post-rock,guitar_ambient,curated8"
guitar,guitar_ambient,Guitar Ambient,6,Guitar Ambient 06 User Request,user_requests,output/guitar/text/guitar_training_corpus.json#58,guitar_ambient/06_user_request.xml,89.000,pass,normalized_duplicate_root_attrs,,,,,GuitarPreset,8,,"guitar,user_request,guitar_ambient,curated8"
guitar,guitar_ambient,Guitar Ambient,7,Guitar Ambient 07 User Request,user_requests,output/guitar/text/guitar_training_corpus.json#59,guitar_ambient/07_user_request.xml,89.000,pass,normalized_duplicate_root_attrs,,,,,GuitarPreset,8,,"guitar,user_request,guitar_ambient,curated8"
guitar,guitar_ambient,Guitar Ambient,8,Guitar Ambient 08 User Request,user_requests,output/guitar/text/guitar_training_corpus.json#60,guitar_ambient/08_user_request.xml,89.000,pass,normalized_duplicate_root_attrs,,,,,GuitarPreset,8,,"guitar,user_request,guitar_ambient,curated8"
